CUSTOMER_CODE,FIRSTNAME,LASTNAME
CUST0000065401,Carmita,Mulcahy
CUST0000015492,Cass,Boyles
CUST0000090093,Hubey,Beddin
CUST0000010381,Crystal,Poupard
CUST0000067786,Hestia,Leonards
CUST0000013998,Geoff,Corn
CUST0000069852,Ron,Sarrell
CUST0000077182,Marijo,Grishanin
CUST0000041881,Prent,Brownhill
CUST0000084524,Ula,Maudett
CUST0000076704,Moishe,Ruben
CUST0000050348,Ange,Massie
CUST0000023301,Petronella,Jellett
CUST0000061085,Schuyler,O'Feeney
CUST0000016890,Ruggiero,Meneghi
CUST0000031887,Ethel,Jevon
CUST0000051895,Tarrance,Hinze
CUST0000041638,Tommie,Loveman
CUST0000089138,Emmalynne,Idill
CUST0000016587,Tori,Gerring
CUST0000099753,Upton,Druhan
CUST0000095720,Sergei,Batterson
CUST0000071330,Gan,Pawlaczyk
CUST0000059501,Vida,Hardaway
CUST0000010354,Rivkah,Oldland
CUST0000040358,Jermayne,Dorbon
CUST0000053299,Matilda,Yushachkov
CUST0000093476,Casi,Armatage
CUST0000012461,Merwyn,Riseley
CUST0000072094,Bondon,Sumpton
CUST0000048583,Jordan,McConachie
CUST0000041314,Zebadiah,Ugolotti
CUST0000075613,Em,Selburn
CUST0000083948,Sorcha,Hughs
CUST0000020599,Whit,Ince
CUST0000025856,Hebert,Davis
CUST0000076405,Cesya,Dillistone
CUST0000095879,Malia,Carloni
CUST0000025377,Nevsa,Toffolo
CUST0000090379,Archie,Odams
CUST0000035616,Irving,Zucker
CUST0000027356,Andi,Cator
CUST0000043375,Isiahi,Rampage
CUST0000012530,Julienne,Bearfoot
CUST0000036885,Price,Biddlecombe
CUST0000006788,Romy,Mithan
CUST0000021445,Kyla,Burne
CUST0000042763,Riley,Blemings
CUST0000041046,Kamillah,Stothert
CUST0000024476,Storm,Whitlam
CUST0000033039,Kenyon,Larrington
CUST0000043106,Corby,Lusher
CUST0000099352,Desirae,Clementucci
CUST0000088189,Merrill,Parlour
CUST0000072442,Benedicto,De Angelo
CUST0000080461,Yoko,Trask
CUST0000005815,Aileen,Whacket
CUST0000028410,Chen,Froude
CUST0000032151,Grantham,Lamond
CUST0000026824,Corey,Stanger
CUST0000027053,Waneta,Collinette
CUST0000016625,Marys,Handke
CUST0000043589,Agneta,Noorwood
CUST0000020116,Crissy,Fuke
CUST0000086101,Elfrieda,Fabler
CUST0000044812,Amitie,Willcock
CUST0000022309,Hugibert,Allnatt
CUST0000026797,Nico,McKeran
CUST0000041159,Orsa,Bedinn
CUST0000080690,Juan,Thurlby
CUST0000082841,Calida,Szach
CUST0000076010,Charles,Jendrusch
CUST0000099170,Camey,Browse
CUST0000072171,Eachelle,Dowse
CUST0000047251,Suki,Yeoland
CUST0000035196,Jodi,Bonome
CUST0000009155,Jessalyn,Loch
CUST0000016331,Valina,Farryn
CUST0000061366,Bondon,Wyard
CUST0000098806,Carlita,Dupre
CUST0000067543,Loren,Gamlyn
CUST0000099222,Dane,Camerello
CUST0000074870,Solly,Harnetty
CUST0000056290,Leontine,Merricks
CUST0000024049,Josey,Dickon
CUST0000075096,Bertine,Preshaw
CUST0000026953,Jarvis,Dunrige
CUST0000056342,Cletus,Cammiemile
CUST0000049964,Nikolai,Long
CUST0000090238,Damien,Oldknowe
CUST0000056077,Evie,Banfield
CUST0000057349,Carine,Reinger
CUST0000001618,Halsy,Spilsburie
CUST0000058945,Jacklyn,Suthworth
CUST0000033412,Melosa,Ygou
CUST0000042380,Hannah,Esslement
CUST0000072988,Kristos,Priestnall
CUST0000060156,Melicent,Caudwell
CUST0000046392,Carolina,Luckin
CUST0000028159,Kessia,Jeves
CUST0000042129,Alfonso,Lardier
CUST0000020281,Dulcinea,MacGinney
CUST0000028798,Willdon,Keast
CUST0000095734,Dante,Outerbridge
CUST0000017930,Goldina,Columbell
CUST0000047955,Bobbette,Mumbey
CUST0000022247,Evanne,McCerery
CUST0000014563,Lonni,Quinion
CUST0000029130,Jase,Padillo
CUST0000028376,Elsinore,Dormer
CUST0000073409,Juline,Ballentime
CUST0000007321,Renee,Hoston
CUST0000082874,Hertha,Reidie
CUST0000069714,Delmer,Neathway
CUST0000005925,Michael,Ornillos
CUST0000010334,Nani,Pignon
CUST0000011473,Isaak,Morley
CUST0000037513,Renata,Tanzig
CUST0000068433,Angelia,Dibley
CUST0000043923,Hendrik,Fessier
CUST0000082786,Penelopa,Bootland
CUST0000002706,Edsel,Ibbs
CUST0000012405,Emory,Meader
CUST0000001069,Nikkie,Baccus
CUST0000009763,Maure,Excell
CUST0000041666,Carolyne,Tudgay
CUST0000017694,Tobe,McDonnell
CUST0000082594,Arleyne,Monson
CUST0000024031,Earvin,Hedworth
CUST0000062599,Luca,Hellmore
CUST0000016553,Pyotr,Chaston
CUST0000098155,Randa,Pankethman
CUST0000008747,Giulia,Ferrant
CUST0000015031,Sukey,Minton
CUST0000087743,Artemas,Corrett
CUST0000031641,Beaufort,Allcock
CUST0000014400,Christian,Rosedale
CUST0000065978,Lindy,O'Corhane
CUST0000005148,Theobald,Mcimmie
CUST0000087185,Jessica,Mathers
CUST0000043576,Salmon,Sommerland
CUST0000008490,Ulises,Sanja
CUST0000096681,Seline,Dockrill
CUST0000065052,Lawrence,Grinikhinov
CUST0000027331,Dewitt,Kippins
CUST0000061514,Andreana,Dilrew
CUST0000068668,Caryn,MacCard
CUST0000069281,Marthena,Cray
CUST0000032199,Richie,MacCosty
CUST0000055871,Thaddeus,Penright
CUST0000000488,Emmery,Loughnan
CUST0000061850,Babs,Cornels
CUST0000082122,Levin,Spier
CUST0000078468,Nollie,Bernardino
CUST0000036220,Cecil,Enderlein
CUST0000011565,Robert,Playle
CUST0000084416,Hannis,Waren
CUST0000015635,Enrika,Crosdill
CUST0000074536,Pierce,Mennear
CUST0000063408,Edith,Holwell
CUST0000026158,Glenine,Halson
CUST0000080642,Morissa,Ellsom
CUST0000075797,Loralyn,Kleinstub
CUST0000064093,Willy,Dover
CUST0000004996,Thom,Bartocci
CUST0000088448,Vergil,O'Giany
CUST0000055954,Gilbertine,Bratton
CUST0000072293,Dall,Figin
CUST0000083734,Shalom,Conachy
CUST0000040426,Fraze,Cutbirth
CUST0000098079,Johann,Charnock
CUST0000000609,Maddy,Pendrey
CUST0000069805,Donovan,Kermath
CUST0000096766,Inger,Carcass
CUST0000081215,Em,Godbolt
CUST0000032869,Merv,Pavlovsky
CUST0000032995,Orelie,Condliffe
CUST0000005140,Brock,Giuroni
CUST0000001654,Lee,Bellis
CUST0000037242,Hube,Dymoke
CUST0000057756,Dulcine,Bermingham
CUST0000096009,Wilhelmina,Henriksson
CUST0000039601,Elizabeth,Paute
CUST0000026840,Johna,Shilburne
CUST0000037347,Carter,Helsby
CUST0000022407,Tamra,Van Brug
CUST0000013788,Amber,Fleckney
CUST0000032881,Luigi,Alcide
CUST0000047949,Zared,Baudinet
CUST0000078662,Archambault,Bothen
CUST0000011082,Emlyn,Flindall
CUST0000094624,Barbey,Verbruggen
CUST0000008884,Ivett,Pinilla
CUST0000051231,Courtney,Goodbarr
CUST0000081919,Johnna,Genery
CUST0000049263,Galven,Passe
CUST0000086697,Megen,MacMillan
CUST0000094230,Brewer,Collete
CUST0000059180,Estele,Tinton
CUST0000033941,Paten,Oret
CUST0000052435,Shandeigh,Coote
CUST0000088510,Josey,Dearl
CUST0000082121,Nealy,Varns
CUST0000021237,Batholomew,Yarnall
CUST0000059654,Estell,Pitkaithly
CUST0000020353,Berkeley,Vasilmanov
CUST0000097780,Arturo,Hertwell
CUST0000046700,Belia,Lindenstrauss
CUST0000001279,Warren,Tomczykiewicz
CUST0000039847,Clea,Grocott
CUST0000081023,Nicol,Gregorace
CUST0000003291,Ase,Causton
CUST0000039070,Monte,Thies
CUST0000067428,Katie,Fluit
CUST0000067407,Patten,Manketell
CUST0000002837,Leonid,Thorsen
CUST0000045655,Vaughn,Paffett
CUST0000071169,Kettie,Mitford
CUST0000038589,Dyana,Arthars
CUST0000009918,Daune,Christy
CUST0000040895,Lauralee,Lohrensen
CUST0000004190,Arvin,Farncomb
CUST0000032373,Zach,Mushart
CUST0000003381,Emmalynn,Nawton
CUST0000092824,Matilda,Cabera
CUST0000050439,Mellisa,Theriot
CUST0000090813,Chet,Browett
CUST0000046206,Gilberto,Bourgeois
CUST0000085758,Rozalie,Gargett
CUST0000062469,Kylila,Wellfare
CUST0000054392,Haywood,Cleef
CUST0000087506,Laurice,Edelheid
CUST0000000328,Egan,Resun
CUST0000041581,Stevana,MacRury
CUST0000005845,Theadora,Truin
CUST0000067345,Amy,Gately
CUST0000080072,Eirena,Mitchelhill
CUST0000046106,Amalia,Edmonstone
CUST0000030553,Boigie,Antonescu
CUST0000067620,Wilhelm,Svanini
CUST0000097432,Daffy,MacCafferky
CUST0000068464,Patti,Winterburn
CUST0000008914,Domenic,Oda
CUST0000034064,Marianna,Napoli
CUST0000024054,Ronni,Shewen
CUST0000002503,Greggory,Emmens
CUST0000034265,Cyrus,Sorsbie
CUST0000044501,Reggi,Empson
CUST0000080496,Briggs,Brinkworth
CUST0000082247,Darelle,McGaugie
CUST0000085096,Mickie,Meran
CUST0000011704,Rosanne,Bathow
CUST0000087024,Ema,Wharin
CUST0000067122,Mada,Petrus
CUST0000094627,Willa,O' Flaherty
CUST0000069527,Modestine,Djurisic
CUST0000048986,Hildegaard,Hansel
CUST0000017712,Artie,Chimes
CUST0000041928,Osmond,Gong
CUST0000090075,Doralin,Frome
CUST0000036234,Dannie,Onion
CUST0000053172,Nobe,Rupp
CUST0000071993,Ode,Sayles
CUST0000065815,Lowrance,Simmance
CUST0000002353,Dael,Emerine
CUST0000092504,Brnaby,Drinkhall
CUST0000020462,Cecelia,Dows
CUST0000035114,Joannes,Cowins
CUST0000055485,Lucretia,Shrimplin
CUST0000003401,Erma,Gronauer
CUST0000038354,Francesca,Dottridge
CUST0000058155,Grata,Peevor
CUST0000001290,Minda,Arrigo
CUST0000044355,Elfie,Finlaison
CUST0000067556,Sadye,Colum
CUST0000021963,Marcela,Haldene
CUST0000045302,Joelly,Ginie
CUST0000063247,Yorker,Kovalski
CUST0000053164,Isaiah,Clevely
CUST0000093614,Delinda,McCaughren
CUST0000056942,Reginald,Birkhead
CUST0000056302,Garwood,Cominetti
CUST0000039607,Ronny,Melmeth
CUST0000042826,Lars,MacGuffog
CUST0000075151,Feliks,Docket
CUST0000059341,Udall,Malcolm
CUST0000037543,Dawn,Feeney
CUST0000075936,Kurt,Di Giorgio
CUST0000061580,Janaye,Dyster
CUST0000022938,Adelaida,Roof
CUST0000022192,Vanessa,Copland
CUST0000027663,Elie,Esmead
CUST0000092537,Perri,Harper
CUST0000040647,Rozamond,Cumberland
CUST0000040138,Duane,Grealish
CUST0000094766,Theresina,Pipworth
CUST0000023047,Loralee,Rangell
CUST0000038545,Palm,Wolfer
CUST0000020124,Trish,Jeroch
CUST0000049622,Arlene,Manie
CUST0000080391,Granger,Gaiter
CUST0000091119,Janaya,Hessle
CUST0000009852,Skell,Padell
CUST0000062670,Tomasina,Petschel
CUST0000068662,Henderson,Pimme
CUST0000037402,Aharon,Karadzas
CUST0000069839,Cull,Cavozzi
CUST0000055445,Willie,MacGilpatrick
CUST0000084202,Tam,Moynihan
CUST0000020519,Johnna,MacFie
CUST0000032063,April,Reddel
CUST0000035996,Mickey,Pregel
CUST0000096407,Inez,Branch
CUST0000094603,Joachim,Dyte
CUST0000008692,Peter,Summerfield
CUST0000037408,Joey,Benitti
CUST0000099310,Lawrence,Proud
CUST0000067172,Alfons,Greene
CUST0000090977,Darrel,Chevis
CUST0000068256,Malina,Semens
CUST0000096166,Ross,Jedraszek
CUST0000046254,Paddy,Heningam
CUST0000016318,Maurine,Joynt
CUST0000071866,Debera,Saltsberg
CUST0000005500,Claudetta,Hartman
CUST0000035045,Rick,Woodrooffe
CUST0000067027,Brittan,Faulo
CUST0000010881,Mikey,Swinn
CUST0000061149,Sybilla,Brownscombe
CUST0000092395,Lucias,Battista
CUST0000027174,Dalila,Jepson
CUST0000092851,Berte,Cromleholme
CUST0000000870,Theodosia,Spoerl
CUST0000022923,Allegra,Mozzetti
CUST0000014155,Nestor,Wickey
CUST0000004251,Matti,Linner
CUST0000046297,Warner,Maw
CUST0000057757,Corrine,Tressler
CUST0000016846,Juan,Rosenfelt
CUST0000049439,Delcina,Warre
CUST0000051496,Giraldo,Brierley
CUST0000032981,Anet,Morillas
CUST0000042897,Antonina,McGillivray
CUST0000037586,Lorain,Ajsik
CUST0000015595,Nikolai,Kalker
CUST0000030386,Estelle,Cattermull
CUST0000022656,Clair,Soans
CUST0000029579,Padraic,Davydoch
CUST0000013613,Natka,Gannan
CUST0000072537,Gay,Beall
CUST0000046200,Leticia,Cawthery
CUST0000052812,Yuri,Matteris
CUST0000013924,Olympie,Micklewright
CUST0000076381,Kim,Oloshkin
CUST0000075642,Verene,Bolzen
CUST0000021043,Cordy,Andrzejowski
CUST0000038921,Misti,Lenchenko
CUST0000070275,Lotta,Gawler
CUST0000045607,Dita,Tabrett
CUST0000031821,Moe,Tarpey
CUST0000078254,Dannye,Mattiazzi
CUST0000002852,Devinne,Loveredge
CUST0000070214,Magdaia,Grieves
CUST0000030439,Boigie,Eton
CUST0000075144,Denys,McKeating
CUST0000013894,Heddie,Jakobssen
CUST0000018959,Matilda,Abley
CUST0000035558,Hugh,Porte
CUST0000069231,Teriann,Kedge
CUST0000087073,Fanni,Saltern
CUST0000084098,Sukey,Dunckley
CUST0000016714,Michail,Marlowe
CUST0000034115,Jakob,Berntssen
CUST0000022031,Johnath,de Leon
CUST0000073057,Cindra,Mougin
CUST0000008564,Agatha,Obee
CUST0000096571,Gates,Tumbridge
CUST0000048177,Shermie,Pallister
CUST0000018938,Penn,Chaman
CUST0000062100,Stormie,Stanistrete
CUST0000014547,Yance,Cardow
CUST0000091403,Kristian,Allabush
CUST0000090342,Eward,Soanes
CUST0000043315,Yasmeen,Sheraton
CUST0000036685,Glenden,Ghelardoni
CUST0000084058,Gertie,Ferneyhough
CUST0000064570,Kristi,Fosberry
CUST0000085902,Vittoria,Flippini
CUST0000076348,Claybourne,Saward
CUST0000021399,Cory,Bagley
CUST0000081727,Arnold,Bernath
CUST0000082998,Mischa,Geffcock
CUST0000059104,Sherwin,Dundendale
CUST0000046623,Vinnie,Borgesio
CUST0000046164,Hatty,Malmar
CUST0000054984,Jareb,Simionescu
CUST0000030495,Vasily,Helversen
CUST0000047404,Franni,Fernant
CUST0000082886,Zita,Dowman
CUST0000006327,Orly,De Maria
CUST0000099558,Wat,Dominetti
CUST0000081343,Allayne,Drane
CUST0000027693,Darline,Slograve
CUST0000053637,Rozalie,MacGaughy
CUST0000037703,Karilynn,Dreher
CUST0000025680,Bron,Strotone
CUST0000016378,Samuel,Stoppe
CUST0000033900,Marty,Culcheth
CUST0000063068,Gates,Maciaszek
CUST0000055991,Pacorro,McCathie
CUST0000054900,Wheeler,Costain
CUST0000088674,Idalina,Ferrieres
CUST0000058004,Eleanora,Iiannoni
CUST0000036463,Rudolph,Jephson
CUST0000036831,Rosanna,Maslen
CUST0000057978,Niall,Clemens
CUST0000084304,Jerad,Durno
CUST0000066692,Courtnay,Quinlan
CUST0000088038,Paola,Petrik
CUST0000092232,Keefer,Wimlet
CUST0000020181,Didi,Blais
CUST0000069883,Bayard,Basterfield
CUST0000085410,Jessa,Tart
CUST0000095473,Lorilee,Koeppe
CUST0000069210,North,O'Flaverty
CUST0000048696,Carmelia,Quesne
CUST0000028607,Blondie,Bowdidge
CUST0000014252,Marylynne,Minghella
CUST0000007797,Martguerita,Samart
CUST0000080144,Billie,O'Shesnan
CUST0000027838,Kore,Shwalbe
CUST0000032262,Terese,Galpen
CUST0000024589,Sanders,Sapir
CUST0000076927,Viviyan,Vasyutkin
CUST0000044007,Sibel,Storrock
CUST0000049068,Esme,Dimmer
CUST0000034949,Rey,Clemmen
CUST0000057641,Dulciana,Culpen
CUST0000041937,Stillmann,Rentenbeck
CUST0000027245,Joeann,Bertomier
CUST0000005873,Darcey,Pelham
CUST0000095295,Jdavie,Insworth
CUST0000041054,Lanny,Burgher
CUST0000087384,Belicia,Groveham
CUST0000018938,Pietro,Knatt
CUST0000035671,Lacee,Edworthie
CUST0000010363,Julina,Luckes
CUST0000093977,Gar,Neal
CUST0000058713,Annalee,Hemmingway
CUST0000016677,Lorrie,Baty
CUST0000014504,Frank,Osant
CUST0000036763,Marcos,Wiz
CUST0000064274,Emmerich,Iowarch
CUST0000010618,Des,Morby
CUST0000020831,Saloma,Lomis
CUST0000079461,Keenan,Pellett
CUST0000011479,Nicola,Cazereau
CUST0000080752,Emelia,Frizell
CUST0000002736,Anne-corinne,Edmeads
CUST0000070242,Pip,Maillard
CUST0000042219,Mariann,O'Loinn
CUST0000075233,Merrile,Conlaund
CUST0000064933,Aleta,Dener
CUST0000078281,Angelica,Fergyson
CUST0000000915,Matelda,Maylam
CUST0000081379,Amber,Biaggiotti
CUST0000004537,Edie,St Ledger
CUST0000069438,Phyllys,MacCracken
CUST0000001550,Brier,Vallentin
CUST0000020667,Davie,Koba
CUST0000022652,Hermann,Borgars
CUST0000080202,Charissa,Probert
CUST0000063744,Tim,Liquorish
CUST0000019601,Parke,Stubbs
CUST0000081560,Gifford,Sallenger
CUST0000013976,Edsel,Brill
CUST0000026296,Dimitri,Yurikov
CUST0000094376,Pearle,Wheeldon
CUST0000093935,Tore,Wessing
CUST0000033535,Benedikt,Beattie
CUST0000013656,Cyrus,Pitkin
CUST0000050959,Melli,Tulloch
CUST0000059242,Guenna,Woodings
CUST0000075148,Desmund,Penkman
CUST0000043273,Yardley,Lenoir
CUST0000051464,Corie,Hemshall
CUST0000021966,Jock,Salzberg
CUST0000064708,Wynny,Euplate
CUST0000042640,Derek,MacCartan
CUST0000089419,Perri,Darrigoe
CUST0000081550,Lindy,Meates
CUST0000021075,Anna-diane,Caccavari
CUST0000098027,Rand,Clemonts
CUST0000072833,Nance,Badham
CUST0000004000,Gustav,Lammiman
CUST0000076378,Mufi,Plak
CUST0000073663,Marlon,Townrow
CUST0000025511,Callie,Pasley
CUST0000068309,Mark,Dean
CUST0000053585,Ole,Teaze
CUST0000004053,Peggi,Pinxton
CUST0000031233,Burt,Gerardin
CUST0000042664,Salomon,Kimm
CUST0000024286,Kalil,Barles
CUST0000022495,Reider,Koomar
CUST0000017874,Jerrilee,Ellett
CUST0000015273,Auria,Chuck
CUST0000073893,Jinny,Glasscoe
CUST0000057836,Billie,Dunaway
CUST0000053798,Carter,Hardi
CUST0000078871,Lorens,Songer
CUST0000049599,Margarita,Klampk
CUST0000083550,Kippy,Kerswill
CUST0000092597,Norah,Macrae
CUST0000092887,Barby,Misk
CUST0000087821,Kevin,Pesek
CUST0000044695,Mordy,Burgwin
CUST0000051054,Cornie,Persey
CUST0000067388,Ikey,Sloyan
CUST0000000531,Hedwig,Budgey
CUST0000094100,Adah,Gallear
CUST0000026524,Akim,Ferschke
CUST0000065660,Farlee,Ridhole
CUST0000060231,Myrlene,Kennham
CUST0000041778,Marielle,Reckless
CUST0000071337,Silvana,Leaf
CUST0000019278,Keelby,Sivills
CUST0000032873,Alaine,Drayton
CUST0000094607,Becki,Woodson
CUST0000075516,Marion,Heaven
CUST0000007660,Barry,Hatchette
CUST0000055411,Octavius,Stollberger
CUST0000014198,Deane,Astupenas
CUST0000057222,Libbey,Curnow
CUST0000084205,Burnaby,Godding
CUST0000084463,Tiebold,Pennington
CUST0000009329,Waldemar,Prest
CUST0000091552,Johannah,Wetwood
CUST0000098241,Clemmie,Teenan
CUST0000009812,Gina,Goodey
CUST0000092657,Terrell,Jeynes
CUST0000011700,Ernst,Bateman
CUST0000033641,Guy,Servante
CUST0000083207,Elka,Thorns
CUST0000015498,Marty,Bartholin
CUST0000016428,Zebedee,Sheddan
CUST0000064394,Mariya,McGirr
CUST0000013001,Mariel,Ablitt
CUST0000031535,Anna-diana,Braley
CUST0000007661,Glynn,Bromilow
CUST0000026319,Hyacintha,Mackney
CUST0000076209,Reynold,Myrtle
CUST0000033924,Winthrop,Doole
CUST0000031343,Burg,Rosone
CUST0000049157,Latrina,Stubley
CUST0000044127,Sydney,Curee
CUST0000096645,Lamar,Luby
CUST0000030254,Normand,Poltun
CUST0000045037,Alvy,Bonifas
CUST0000084422,Neille,Erwin
CUST0000040339,Sacha,Bazeley
CUST0000004528,Doretta,Riddoch
CUST0000062318,Lorelei,Southerns
CUST0000022536,Sholom,Tibb
CUST0000064985,Anjela,Pohls
CUST0000004113,Dionne,Durtnel
CUST0000075282,Juliana,Daice
CUST0000044101,Alexei,Kesper
CUST0000047338,Brandon,Girardetti
CUST0000070733,Doretta,Renfield
CUST0000077398,Geri,Bultitude
CUST0000026408,Shep,Tryme
CUST0000025833,Haven,Grolmann
CUST0000002597,Sergio,Sleigh
CUST0000076027,Grete,Semor
CUST0000086302,Kerk,Woodcroft
CUST0000045924,Erick,Lauga
CUST0000005417,Xenos,Jolin
CUST0000032252,Tadd,Reeken
CUST0000010730,Anna-maria,Lummus
CUST0000026432,Kylie,Anthes
CUST0000008225,Ryan,Cornelisse
CUST0000015421,Bud,Ryall
CUST0000075436,Kellby,Audiss
CUST0000055084,Olenolin,Borrel
CUST0000023884,Jessalyn,Korneichuk
CUST0000064717,Michale,Harvett
CUST0000033363,Levin,Shemming
CUST0000002711,Osbourne,Henbury
CUST0000046407,Winnah,Winsor
CUST0000024114,Luciano,Tapsell
CUST0000001706,Bertie,Risman
CUST0000013755,Pincus,Dyet
CUST0000052002,Linell,Venny
CUST0000000421,Angy,Emerton
CUST0000035356,Tara,Locker
CUST0000075236,Opal,Vosper
CUST0000075144,Frank,Henriquet
CUST0000054698,Butch,Malden
CUST0000012691,Andreana,Giacopetti
CUST0000053365,Baily,Pavel
CUST0000050090,Paige,Gossop
CUST0000031245,Camey,Goodfellowe
CUST0000020332,Lalo,Toupe
CUST0000031052,Sim,Mallen
CUST0000005126,Darb,Woonton
CUST0000042184,Haskell,Boxhill
CUST0000061884,Field,Wyvill
CUST0000098074,Rebeca,Frotton
CUST0000036908,Enrica,Kerner
CUST0000062923,Jayne,Spare
CUST0000046781,Khalil,Toma
CUST0000024305,Kelcey,Longdon
CUST0000063217,Arline,Gianni
CUST0000086971,Rodney,Ivanchenkov
CUST0000020873,Kellie,Markus
CUST0000029547,Fenelia,Rodenhurst
CUST0000045822,Borden,Wycherley
CUST0000073513,Rana,Bucksey
CUST0000009656,Isabel,McMechan
CUST0000069149,Putnem,Marielle
CUST0000024233,Rosemary,Aps
CUST0000022339,Herschel,de Tocqueville
CUST0000088415,June,Ingray
CUST0000029322,Cally,Este
CUST0000012665,Raf,Halfhyde
CUST0000051926,Jannel,Duchant
CUST0000073846,Idelle,Winser
CUST0000022623,Marten,Filipchikov
CUST0000012659,Netti,Pattingson
CUST0000089488,Winonah,Shorthill
CUST0000074601,Maible,De Bruijn
CUST0000061071,Lyn,Gartin
CUST0000009365,Nanice,Streatfield
CUST0000097544,Raul,Pellant
CUST0000039532,Hulda,Tremblett
CUST0000048343,Fernande,Snibson
CUST0000095261,Edwina,Duchart
CUST0000092226,Mohandas,Hustings
CUST0000077778,Marybeth,Enrich
CUST0000097763,Reuven,Coldridge
CUST0000067858,Arliene,Wheaton
CUST0000084442,Kelli,Exrol
CUST0000048367,Ruby,Klemenz
CUST0000031734,Cecilla,Medd
CUST0000014474,Christine,Tales
CUST0000001609,Loren,Rollinshaw
CUST0000027695,Natassia,Frain
CUST0000007699,Ruperto,Cousen
CUST0000000224,Symon,Rex
CUST0000047233,Clerissa,McSharry
CUST0000084626,Almeria,Jantzen
CUST0000082847,Ezmeralda,Tringham
CUST0000037667,Xaviera,Engelbrecht
CUST0000095868,Cathlene,Hainey`
CUST0000096632,Gordan,Le feuvre
CUST0000021232,Shawn,Suggey
CUST0000045820,Skippie,Greguol
CUST0000011381,Rodolphe,Hundal
CUST0000036165,Bea,Richardot
CUST0000033880,Shani,Trengove
CUST0000001489,Ninnette,Lawleff
CUST0000021261,Trumaine,Zottoli
CUST0000028149,Trev,Edwins
CUST0000047993,Oralee,Rembaud
CUST0000032318,Ermengarde,Elwell
CUST0000099666,Dewitt,Akenhead
CUST0000038724,Janek,Broadbear
CUST0000019339,Giulio,Broderick
CUST0000027975,Dael,Marians
CUST0000037144,Benita,Freathy
CUST0000069880,Errol,Jessel
CUST0000006629,Armando,Zuenelli
CUST0000041447,Nat,Ericsson
CUST0000047032,Quent,Bourdon
CUST0000060772,Boyd,Snoxell
CUST0000087345,Carolin,Caraher
CUST0000016306,Eduard,Gooderidge
CUST0000090335,Ash,Langsbury
CUST0000056172,Mina,Drewitt
CUST0000068807,Belva,Jenman
CUST0000023677,Gretel,Bohills
CUST0000003417,Raffaello,Crow
CUST0000020975,Goldy,Myring
CUST0000073494,Kristina,Naper
CUST0000000971,Gertrudis,Mannagh
CUST0000048602,Katey,Ruffle
CUST0000037712,Andrus,McCollum
CUST0000010602,Tod,Allcorn
CUST0000073601,Hanson,Beswetherick
CUST0000036101,Codee,Blampey
CUST0000037875,Addia,Sodor
CUST0000018270,Jacqueline,Doberer
CUST0000057591,Micki,Giraudy
CUST0000080185,Verene,Fussie
CUST0000057537,Abramo,Pinch
CUST0000010269,Andreana,Couth
CUST0000096497,Delila,Purvess
CUST0000054118,Ashely,Pren
CUST0000003425,Freddy,Ablewhite
CUST0000027341,Kellyann,Le Gallo
CUST0000088713,Phip,Churchyard
CUST0000042071,Bron,Collingdon
CUST0000072142,Sabine,Bannon
CUST0000020401,Eachelle,Alder
CUST0000071235,Anna-maria,Paik
CUST0000023457,Tadeas,Docksey
CUST0000019504,Bennett,Corfield
CUST0000076691,Ulric,Menendez
CUST0000029019,Blinnie,Simoneton
CUST0000045914,Ibrahim,Wigan
CUST0000090208,Tabina,Tarbatt
CUST0000096025,Esmeralda,Lister
CUST0000030982,Ibby,Lingwood
CUST0000055429,Alta,Massey
CUST0000097478,Rogers,Gregh
CUST0000084229,Isa,Verbrugghen
CUST0000073286,Laina,Le Gassick
CUST0000001845,Krystalle,Fullylove
CUST0000017402,Sigismund,Greensted
CUST0000084229,Erek,Oakly
CUST0000015760,Jerry,Damrell
CUST0000095267,Wendall,Whatham
CUST0000045207,Ulrica,Haydock
CUST0000081904,Hermine,Haffenden
CUST0000030675,Wolf,Nund
CUST0000015798,Lenora,Haresnaip
CUST0000014650,Cchaddie,Slewcock
CUST0000087391,Robert,Ziehms
CUST0000015868,Marilee,Dionis
CUST0000035342,Wheeler,Trewett
CUST0000071044,Abel,Ahlin
CUST0000080383,Edan,Dominique
CUST0000099315,Averil,Drinkall
CUST0000094797,Maible,Gouth
CUST0000011693,Zedekiah,Grayland
CUST0000063900,Esmeralda,Marioneau
CUST0000058297,Scottie,Hryncewicz
CUST0000098815,Modestine,Buchett
CUST0000099720,Mellie,Axston
CUST0000044438,Sophia,Rushmare
CUST0000043120,Erna,Crickmoor
CUST0000094094,Elvira,Rayner
CUST0000086213,Dee,Jacqueminet
CUST0000081478,Vaclav,Semmence
CUST0000070421,Faulkner,Absalom
CUST0000037488,Dukie,MacAirt
CUST0000030205,Koenraad,Burgott
CUST0000006760,Tamqrah,Banasevich
CUST0000011861,Ethelin,Cockshott
CUST0000022158,Laurette,Gobell
CUST0000096238,Kerwinn,Ellif
CUST0000037548,Lincoln,Disbrey
CUST0000074698,Ricki,Lotterington
CUST0000095345,Golda,Sharrocks
CUST0000047186,Bertie,Nickoles
CUST0000099608,Donelle,Frigout
CUST0000087869,Agathe,Easterby
CUST0000071651,Cynthie,Gourdon
CUST0000058444,Moyna,Habden
CUST0000049623,Northrop,D'Costa
CUST0000043962,Kalila,Spirritt
CUST0000021920,Derril,Moultrie
CUST0000083933,Morganica,Dethloff
CUST0000066579,Edwina,Kytter
CUST0000074416,Robby,Napolitano
CUST0000021473,Elmer,Sapauton
CUST0000076624,Waldemar,Crippes
CUST0000015036,Robinia,Swannell
CUST0000098017,Lenard,Sturrock
CUST0000009067,Kaja,Marquess
CUST0000052935,Shem,McIlharga
CUST0000000269,Sigfried,Gudde
CUST0000070798,Candis,Beaven
CUST0000076502,Jorgan,Klugman
CUST0000078999,Richard,Brabban
CUST0000065649,Danya,Ouldcott
CUST0000030858,Rea,Criple
CUST0000099339,May,Tarte
CUST0000098277,Rahel,Dradey
CUST0000072447,Adiana,Bahike
CUST0000087709,Collie,Garfield
CUST0000011727,Dore,Stroban
CUST0000077094,Aylmar,Haycock
CUST0000090588,Moe,Scarsbrick
CUST0000074315,Aylmer,Halbeard
CUST0000020684,Marietta,Adamides
CUST0000099518,Curcio,MacAne
CUST0000070680,Larissa,Orbell
CUST0000020707,Jacquenetta,Whyman
CUST0000070818,Hector,Goley
CUST0000018586,Barron,Goldin
CUST0000072260,Buddie,Breach
CUST0000096352,Lulu,Layus
CUST0000071622,Franni,Laybourn
CUST0000064895,Stephenie,Gotling
CUST0000038712,Peyton,Tolchard
CUST0000028611,Orin,Ingarfield
CUST0000059716,Tobie,Arnopp
CUST0000081116,Tadeas,Sibery
CUST0000057387,Tildi,Mastrantone
CUST0000042310,Katey,Valenti
CUST0000091365,Raimondo,Murrigans
CUST0000056647,Mirilla,Lawlor
CUST0000074783,Dana,Wyeld
CUST0000002018,Mic,Wealthall
CUST0000043128,Myron,Londors
CUST0000054996,Loutitia,Maass
CUST0000078123,Windy,Handrek
CUST0000011349,Carleton,Portman
CUST0000027838,Jory,Getley
CUST0000038389,Carla,Lapley
CUST0000055371,Chadd,Tidswell
CUST0000040837,Flinn,Giggs
CUST0000005699,Celine,Canepe
CUST0000006004,Malory,Yeeles
CUST0000000671,Rabbi,Cockett
CUST0000003982,Dido,Deeth
CUST0000070033,Aurthur,Clift
CUST0000092719,Kalil,Pablo
CUST0000008374,Zuzana,Galfour
CUST0000045629,Austina,Kirton
CUST0000069504,Ketti,Waldocke
CUST0000019472,Lexie,Bertelmot
CUST0000067661,Amalia,Hegley
CUST0000073469,Opaline,Schreurs
CUST0000047814,Gabriell,Byles
CUST0000018204,Trula,Le Gall
CUST0000037852,Xylina,Armatage
CUST0000038889,Montgomery,Margerison
CUST0000050835,Ruprecht,Willment
CUST0000057401,Pippy,Searchfield
CUST0000041213,Jemmy,Vail
CUST0000054416,Cory,Pegler
CUST0000080287,Darsie,Partridge
CUST0000072808,Katie,Satterfitt
CUST0000009339,Brandy,Rottery
CUST0000079637,Sonnie,Antonat
CUST0000031655,Davine,Hundal
CUST0000067708,Bernadine,Dinesen
CUST0000041971,Alexine,Borrott
CUST0000050970,Arlin,Capps
CUST0000053117,Lief,Naulty
CUST0000037030,Roselia,Bevans
CUST0000021499,Duane,Grenshiels
CUST0000039429,Dara,Lagden
CUST0000007804,Christye,Thrift
CUST0000082414,Michel,Besse
CUST0000036013,Melly,Shemming
CUST0000013493,Lucy,Kidman
CUST0000017337,Pru,Sands-Allan
CUST0000090964,Filmore,Rainsbury
CUST0000000548,Matti,Eckh
CUST0000045785,Cassondra,Ambrogi
CUST0000083536,Lyle,Chiles
CUST0000044223,Viva,Stores
CUST0000061364,Lyon,Heims
CUST0000098500,Bartolemo,Macrow
CUST0000013367,Lydon,MacGow
CUST0000083686,Say,Ransfield
CUST0000006977,Minnie,Alibone
CUST0000015636,Riki,Matyasik
CUST0000009700,Valerie,Theuss
CUST0000080115,Yanaton,Hele
CUST0000078544,Odetta,Claessens
CUST0000032498,Winny,Habberjam
CUST0000041156,Isabella,Skeels
CUST0000053052,Aimee,Boncore
CUST0000082470,Gretel,Bertl
CUST0000079922,Sergio,Orys
CUST0000076371,Levi,Slany
CUST0000041878,Mikael,Hosten
CUST0000088595,Philly,Richings
CUST0000075449,Dionisio,Burchnall
CUST0000051820,Ellis,Ilyukhov
CUST0000016183,Bartholomeus,Moyles
CUST0000054860,Wittie,Twigger
CUST0000013123,Flora,O'Sirin
CUST0000057587,Slade,Dumbrall
CUST0000031193,Kean,Ryves
CUST0000068971,Abagael,Funcheon
CUST0000075105,Jard,Canas
CUST0000025205,Iosep,Nisius
CUST0000075692,Tisha,Devereux
CUST0000093040,Chantal,Heaselgrave
CUST0000015918,Donall,Huffy
CUST0000002650,Juline,Rugiero
CUST0000037448,Perry,Ebsworth
CUST0000073558,Gwennie,Costa
CUST0000074391,Marlene,Eyckelbeck
CUST0000012561,Karol,Matteini
CUST0000081750,Elspeth,Chimienti
CUST0000030247,Vittorio,Kennedy
CUST0000099175,Barron,Albrecht
CUST0000041835,Rebecka,Tilmouth
CUST0000080738,Randa,Harcombe
CUST0000045122,Lorrie,Cafe
CUST0000081717,Jo-ann,Cassam
CUST0000041374,Husain,Instrell
CUST0000033027,Marrissa,Zywicki
CUST0000003637,Janos,Muino
CUST0000075990,Mathias,Mundford
CUST0000089581,Loutitia,Cheatle
CUST0000009926,Muffin,Adshead
CUST0000064763,Eben,Poluzzi
CUST0000002505,Hillie,Corona
CUST0000047492,Madelon,Ivanisov
CUST0000057879,Leeann,Clover
CUST0000060058,Yale,Ashwood
CUST0000077312,Austin,Whitney
CUST0000053278,Collen,Unstead
CUST0000078301,Madison,Furmston
CUST0000041181,Barr,Lambertz
CUST0000097599,Norris,Goldthorpe
CUST0000027659,Murray,Rosen
CUST0000057168,Pepita,Sealand
CUST0000011625,Sampson,Layhe
CUST0000029200,Dede,Lukasik
CUST0000055200,Blakelee,Frigot
CUST0000048082,Shanie,Cranton
CUST0000020031,Bess,Steward
CUST0000065447,Vonnie,Bausmann
CUST0000060822,Jeanie,Sowte
CUST0000091106,Erl,Le Provest
CUST0000082036,Adelbert,Jephcote
CUST0000070960,Eugine,Vivyan
CUST0000012941,Sterling,Bouldstridge
CUST0000002331,Aubrey,Wallice
CUST0000042739,Giraud,Benedick
CUST0000059933,Marilin,Friary
CUST0000007174,Joann,Lavalde
CUST0000050385,Tomas,Jobson
CUST0000071683,Holly-anne,Pendlington
CUST0000008435,Zsa zsa,Swayton
CUST0000066997,Ethyl,Almey
CUST0000010363,Cathrin,McNess
CUST0000069877,Roarke,Gathwaite
CUST0000006507,Darb,O'Cahey
CUST0000043065,Algernon,McCloud
CUST0000046593,Gwenny,De La Hay
CUST0000065986,Marla,Jagiela
CUST0000029394,Dew,Wildman
CUST0000013673,Clyde,Barhims
CUST0000009520,Thibaud,Watchorn
CUST0000063646,Tobye,Garlicke
CUST0000042356,Nelie,Willock
CUST0000097341,Thea,Haggleton
CUST0000083866,Paula,Raulstone
CUST0000068975,Emerson,Sweeten
CUST0000054735,Hayes,Warboy
CUST0000009035,Percy,Storck
CUST0000092790,Claudette,Withringten
CUST0000091877,Chandler,Biggin
CUST0000056241,Wald,Brayford
CUST0000080806,Ingrid,Mishow
CUST0000011372,Ainslie,Goggins
CUST0000057160,Coriss,Pinchon
CUST0000041076,Blake,Brilleman
CUST0000087544,Iain,Parsall
CUST0000082734,Isabeau,MacLaverty
CUST0000061191,Rabi,Biasetti
CUST0000055991,Martie,Stonuary
CUST0000077083,Elli,Swyer-Sexey
CUST0000067399,Hazel,Armes
CUST0000040395,Rozanna,Yegorov
CUST0000015604,Freddie,Grolmann
CUST0000043988,Noami,Grenville
CUST0000021727,Britt,Newns
CUST0000041501,Adolph,Ponter
CUST0000013661,Krystyna,Sowrey
CUST0000051116,Sayre,Pedel
CUST0000006520,Alaine,Carleton
CUST0000057828,Albrecht,Laurence
CUST0000026681,Beatrix,Oppie
CUST0000024987,Kary,Knyvett
CUST0000000834,Fonsie,Tukesby
CUST0000013261,Tedman,Linstead
CUST0000051602,Ody,Vowdon
CUST0000039940,Raquela,Brimner
CUST0000072007,Germaine,Rops
CUST0000002674,Florinda,MacCorley
CUST0000014325,Carree,Bratty
CUST0000062276,Amabel,Falconar
CUST0000060154,Gottfried,Blyth
CUST0000071716,Kerwinn,Skipton
CUST0000022523,Estevan,Blaycock
CUST0000056211,Jayne,Garrique
CUST0000090028,Clayton,Ingall
CUST0000021302,Pete,Turbitt
CUST0000017066,Jimmy,Younge
CUST0000066249,Elnar,Tressler
CUST0000006918,Cos,Dran
CUST0000007538,Thorin,Broadberrie
CUST0000016608,Eldredge,Whitmell
CUST0000013932,Stevie,Linggood
CUST0000005274,Nancee,Izacenko
CUST0000059961,Mina,Elmhirst
CUST0000093378,Minna,Ivashkin
CUST0000043451,Aylmer,Cockayne
CUST0000041500,Ansley,Winborn
